name,category,neighborhood,address,phone,lat,lng,tier,product_tags,recognition,what_to_order,price_range,reservation,best_time,notes,verdict,caveat,best_night,hot_this_month,source_tier,maps,still_open,last_verified,geo_precision
Ali Barbour's Cave Restaurant,SEAFOOD,Diani central,"off Diani Beach Road, Ukunda",+254 714 456 131,-4.313179,39.5768773,THE CAVE,Cave · Since 1983,,Vasco Da Gama platter (for two) · Lobster Thermidor · Kilifi rock oysters · Whisky-flambéed prawns,"Starters KES 1,100–1,650 · mains 2,950–6,000 (obs. 2026-08)","Required — email or phone, days ahead in season; courtesy transfers from Diani hotels","Dry-season night, 20:30 seating, under the open cave mouth",,"Book it for the room and the sky — the cooking is confident classic seafood, not modern fine dining, and that is fine.","No children under 6, none under 12 at the late seating; smart casual enforced. The old alibarbours.co domain is dead — the live site is alibarbours.com.",,,reported,https://www.google.com/maps/search/?api=1&query=Ali+Barbour%27s+Cave+Restaurant+Diani,confirmed,2026-08-20,exact
Nomad Beach Bar & Restaurant,BEACH,Diani central-south,"Nomad Road, off Diani Beach Road",,-4.3269123,39.5727386,ALL-DAY,Sushi · Wood-fire,,Sushi platter · Grilled seafood platter · Swahili grilled fish · Wood-fired Frutti di Mare,"Mains KES 1,800–4,300, pizza 900–2,400 (menu Jun 2026, taxes in)",Walk-in at lunch; book weekend dinners,Sunset drinks rolling into dinner on the sand; Sunday is the social scene,,"The default good answer on the strip: guests happy, chef fed, nobody overdressed.","Big, busy resort beach bar — peak-season weekends run loud and service stretches.",,,reported,https://www.google.com/maps/search/?api=1&query=Nomad+Beach+Bar+Diani,confirmed,2026-06-15,exact
Sails Beach Bar & Restaurant,FINE,Galu,"Almanara Luxury Resort, Diani Beach Road, Galu",+254 711 852 026,-4.3526157,39.5630597,THE SAILS,Own farm · Own boat,,Zanzibar snapper · Ginger crab · Tuna carpaccio · Kilifi oysters,Top band ($$$$ per EatOut); KES unpublished,Book ahead — +254 711 852 026 or info@almanararesort.com,Golden hour — the sails catch the last light; full-moon nights for beach dinners,,"Diani's priciest table after the cave, and the one that photographs like the brochure promised.",No menu prices published anywhere — ask before ordering the platter. Confirm hours by phone.,,,reported,https://www.google.com/maps/search/?api=1&query=Sails+Beach+Bar+Almanara+Diani,confirmed,2026-08-20,exact
Waterlovers — Tides Restaurant,MED,Diani central,"Waterlovers Beach Resort, Diani Beach Road",+254 706 943 216,-4.308105,39.5806935,DAILY MENU,Handmade pasta,,Daily-changing menu · Handmade pasta,Unpublished — boutique band,"Call/WhatsApp +254 706 943 216 — small room, residents get priority",Dinner on the pool deck over the ocean,,"Book it when you want the small, careful version of the resort dinner.","A resident-first dining room, not a destination restaurant — WhatsApp the same morning.",,,reported,https://www.google.com/maps/search/?api=1&query=Waterlovers+Beach+Resort+Diani,confirmed,2026-08-20,exact
Kinondo Kwetu (house table),HOUSE,Kinondo / Galu south,,+254 710 989 030,-4.3888025,39.5494912,BY ARRANGEMENT,Kaya side · Since 2005,,Fresh-catch seafood dinner · Sundowner on the water tower,All-inclusive house rates,Prior arrangement essential — bookings@kinondo-kwetu.com,A pre-arranged lunch when passing Kinondo; or book the stay,,"The most beautiful room on the south coast, and you only truly get it as a guest.","Not a restaurant: no menu, no prices, no walk-ins. Call or email first, always.",,,reported,https://www.google.com/maps/search/?api=1&query=Kinondo+Kwetu+Galu+Kenya,confirmed,2026-08-18,exact
The Maji Beach Boutique Hotel,HOUSE,Diani north,,+254 792 953 007,-4.2772336,39.5950249,NO CLOCK,Adults-only,,Daily ocean fish · Candlelit gazebo dinner,Unpublished — boutique band,Phone +254 792 953 007 / reservations@the-maji.com,A long candlelit dinner on the pool deck — book that morning,,For the guest who wants the hotel to bend around them; call before promising it to anyone.,"Adults only, and outside dining unconfirmed — never just walk in.",,,reported,https://www.google.com/maps/search/?api=1&query=The+Maji+Beach+Boutique+Hotel+Diani,confirmed,2026-08-20,exact
Msambweni Beach House,HOUSE,Msambweni,,+254 723 697 346,-4.4797754,39.4771664,FAR SOUTH,Swahili villa,,"Swahili seafood, Belgian-French technique · Private beach dinner",Unpublished,"Phone +254 723 697 346 / Info@mbh.co.ke, ahead",Long lunch on a Funzi/Msambweni exploring day,,Worth a long lunch if you are already exploring Msambweni–Funzi country; too far for a casual dinner run.,"Realistically guests-only unless pre-arranged, 45+ minutes south of the strip.",,,reported,https://www.google.com/maps/search/?api=1&query=Msambweni+Beach+House+Kenya,confirmed,2026-08-20,approx
Chale Island Resort (The Sands at Chale),ISLAND,Chale Island,,+254 709 538 880,-4.44495,39.53431,THE ISLAND,Private isle · Kaya side,,Eli's Trattoria wood-fired table · Katika Ziwa seafood,Resort packages; day terms unpublished,Phone +254 709 538 880 ahead; no independent arrival,Arranged day visit timed to the tides; the overwater bar at sundown,,"Go for the island hour, stay for the strangeness of a resort sharing a rock with a shrine.","Day access is the honest unknown: past visitors report day passes, the resort publishes nothing — phone before driving down.",,,reported,https://www.google.com/maps/search/?api=1&query=Chale+Island+Resort+Kenya,confirmed,2026-08-20,exact
Leonardo's (Leonardo il Ristorante),ITALIAN,Diani north,Diani Beach Road (Colliers Centre stretch),+254 720 501 707,-4.2877255,39.5869355,THE ANCHOR,Wood oven · Since ~2004,,Wood-fired Margherita · Linguine Indian Ocean · Gelato · Tiramisu della casa,$$$ (EatOut banding),Book for dinner in season; walk-in lunch,Dinner in the garden; gelato mid-afternoon,,"The reliable Italian dinner of the strip, and the correct afternoon gelato stop.","Roadside garden, not on the sand — go for the food, not a view.",,,reported,https://www.google.com/maps/search/?api=1&query=Leonardo%27s+Restaurant+Diani+Beach,confirmed,2026-08-20,exact
Aniello's Ristorante Pizzeria,ITALIAN,Diani north,,,-4.288738,39.586456,MOM & POP,Wood oven,,Wood-fired pizza · Fish of the day,Mid-range (undated),Walk-in,Dinner,,"The local's Italian — checked by reputation, not by paperwork.",Could not be verified as currently trading with dated evidence — phone or drive by before a special trip.,,,reported,https://www.google.com/maps/search/?api=1&query=Aniello%27s+Diani+Beach,unverified,2026-08-20,exact
Non Solo Gelato (Diani),GELATO,Diani north (Centre Point Plaza),,,-4.290829,39.585272,NEW 2026,Illy · Est. 2014,,Artisan gelato · Piadina / focaccia,Mid (unpublished),Walk-in,Morning coffee; gelato after the beach,,Brand-new here; the Watamu original carries the track record.,"Opened July 2026 — expect teething, and no published hours yet.",,,reported,https://www.google.com/maps/search/?api=1&query=Non+Solo+Gelato+Diani+Centre+Point,confirmed,2026-07-10,approx
Coast Dishes,SWAHILI,Diani central (Ukunda side),,,-4.288878,39.581852,THE NAME,Halal · Home cooking,,Pilau · Mahamri na mbaazi · Samaki wa nazi · Mhogo wa nazi,KES 200–600 plates (undated),Walk-in,Breakfast; or lunch before the pilau runs out,,"If it is open when you pass, this is the Swahili plate to measure the strip by.","No live channel found to verify current trading — treat as a strong lead, not a booking.",,,reported,https://www.google.com/maps/search/?api=1&query=Coast+Dishes+Diani+Beach+Road,unverified,2026-08-20,exact
Swahili Pot,SWAHILI,Ukunda (toward the beach road),,,-4.284738,39.573132,CANTEEN,Makuti · African Pot,,Pilau · Coast biryani · Grilled fish,"Mains ~KES 650, breakfast KES 40–250 (Glovo, obs. 2026-08)",Walk-in; Glovo delivers,"Lunch, before popular dishes run out",,"Honest canteen cooking; order what the day cooked, not what the menu promises.","Quality varies more than at the breakfast benchmarks — this is a canteen, not a kitchen with a chef's name on it.",,,reported,https://www.google.com/maps/search/?api=1&query=Swahili+Pot+Ukunda,confirmed,2026-08-20,exact
Moiz Swahili Dishes,SWAHILI,Ukunda (Hospital Road),,+254 729 981 087,-4.2776,39.5866,WORKERS',Biryani,,Chicken biryani · Vegetable samosas · Mishkaki plate,"KES 200–1,400 (Glovo, obs. 2026-08)",Walk-in; Glovo,"Lunch, early",,Go early: biryani freshness decides the meal.,Consistency reports vary day to day — an early plate is the honest one.,,,reported,https://www.google.com/maps/search/?api=1&query=Moiz+Swahili+Dishes+Ukunda,confirmed,2026-08-20,approx
Karafuu Restaurant,GRILL,Ukunda town,,+254 702 349 629,-4.2822,39.5676,CHOMA,Nyama choma,,Pweza soup · Kuku choma · Mchicha wa nazi · Fish choma,"KES 120–1,430 (Glovo, obs. 2026-08)",Walk-in; Glovo,"Evening, choma off the grill",,Town cooking at town prices; the choma justifies the drive inland.,"Glovo prices quoted — expect slightly less at the counter. No view, no breeze: that is the point.",Any,,reported,https://www.google.com/maps/search/?api=1&query=Karafuu+Restaurant+Ukunda,confirmed,2026-08-20,approx
Shashin-Ka,SUSHI,Diani central (near Baharini Plaza),,+254 720 747 803,,,JAPANESE,Japanese-run,,Sashimi of local catch · Vegetable tempura,"KES 1,000–4,000/head (undated)",Walk-in; call for evening,Dinner Tue–Sat,,The strip's quiet surprise — local catch treated with Japanese restraint.,Hours conflict across listings and no own channel exists — phone before an evening trip.,Fri,,reported,https://www.google.com/maps/search/?api=1&query=Shashin-Ka+Diani+Beach,confirmed,2026-08-20,none
Tiki Bar & Restaurant,BISTRO,Diani central (opposite the old Posta),,+254 746 589 500,-4.303273,39.579997,BELGIAN,Chef-owned,,Nordic eggs benedict · Surf and turf · Chalkboard specials,"Mid-range (specials KES 600–1,350, Mar 2024)",Walk-in,Early breakfast; salsa/Cuban nights,,The dependable chef's bistro for an early breakfast before a day trip or a chalkboard dinner.,Event calendar moves — check the night before building an evening on it.,Event nights — ask,,reported,https://www.google.com/maps/search/?api=1&query=Tiki+Bar+Diani+Beach,confirmed,2026-01-14,exact
Shan-e-Punjab,INDIAN,Diani north,,,-4.277528,39.590375,CLAY POT,Charcoal pots,,Clay-pot chicken curry · Tandoori naan + pakoras,Mid (undated),Walk-in,Dinner,,The Indian dinner locals defend — verify it is running before a special trip.,"Unverified as currently trading, and reports of uneven service in recent years.",,,reported,https://www.google.com/maps/search/?api=1&query=Shan-e-Punjab+Diani+Beach,unverified,2026-08-20,exact
Havana Bar & Restaurant,BAR-FOOD,Diani central,,+254 724 803 452,-4.308,39.5682,LATE,Open late,,Grilled calamari · Mixed seafood grill for two,"KES 70–4,000 (obs. 2026-08)",Walk-in,Late evening — one of the few reliable post-23:00 kitchens,,Not a destination; a lifeline. Every strip needs one and this is Diani's.,"Roadside, not beachfront; its own website is stale (© 2023) — the live Glovo listing is the real-time signal.",Any,,reported,https://www.google.com/maps/search/?api=1&query=Havana+Bar+Diani+Beach+Road,confirmed,2026-08-20,approx
Colobus Shade,FISH,Galu (Mwaepe landing),,+254 724 634 839,-4.342994,39.565722,AT THE LANDING,Charcoal · No alcohol,,Seafood platter · Charcoal-grilled snapper,"KES 500–1,800/head (2023–24 reports, unverified)",Walk-in; lobster by phone,"Lunch, after the morning boats",,"The most honest seafood transaction on the strip: fish, fire, sand, done.","Rustic in every sense — flies at midday, freshness rides on the day's landing; call before a special trip.",,,reported,https://www.google.com/maps/search/?api=1&query=Colobus+Shade+Mwaepe+Galu+Diani,unverified,2026-08-20,exact
Mwaepe Fishermen Beach Restaurant,FISH,Galu (Mwaepe village),,+254 713 525 196,-4.34323,39.566465,THE FISHERY'S OWN,BMU village,,Fried whole fish · Prawns and calamari,Budget (no dated prices),Walk-in,Lunch after the landing,,"Eat where the fishery eats; ask what came in, not what you fancy.","Basic conditions; liveness rests on the village, not a website — expect construction works from the 2025 upgrade.",,,reported,https://www.google.com/maps/search/?api=1&query=Mwaepe+fish+landing+Diani,unverified,2026-08-20,exact
Charlie Claw's (Wasini Island Restaurant),CRAB,Wasini Island,,+254 722 205 154,-4.6586,39.36454,SINCE 1978,Since 1978 · Dugout crab,,Grilled crab · Swahili Blue set menu,Package on enquiry,Book ahead — wasini.com or through Diani hotels,Oct–Mar; as part of the full dhow day,,"Book the whole dhow day, not lunch alone — the crossing is the point.",No published prices: agree the package in writing before the day. Tour-group waves peak around 13:00.,,,reported,https://www.google.com/maps/search/?api=1&query=Wasini+Island+Restaurant+Charlie+Claws,confirmed,2026-08-20,approx
Twiga Lodge & Campsite (Tiwi),SHACK,Tiwi,,,-4.240368,39.602813,TIWI'S ONE,Campsite,,Grilled fish · Cold beer under the palms,Budget; camping ~KES 400/person (2025 listings),Walk-in,Lazy weekend lunch after the Kongo Mosque walk,,Go for Tiwi's emptiness; eat whatever the kitchen honestly has.,Mixed 2024–26 signals (one report of it 'seeming deserted'); the access road is best not driven after dark — long-standing local advice.,,,reported,https://www.google.com/maps/search/?api=1&query=Twiga+Lodge+Tiwi+Beach,unverified,2026-08-20,exact
The Salty Squid Beach Bar & Restaurant,BEACH,Galu / Kinondo,,+254 758 515 609,-4.350437,39.563732,KITE TABLE,Kite scene,,Seared yellowfin tuna · Garlic king prawns · Chilli mango margarita,Mid-range beach bar,Book ahead — phone/WhatsApp; often fully booked,"Sunset; kite seasons (mid-Dec–mid-Mar, Jun–mid-Sep) for the show",,Book it in kite season and watch the sky traffic with dinner.,"Last food orders 20:30, bar 21:30 — this is a sunset room, not a late one.",Any in season,,reported,https://www.google.com/maps/search/?api=1&query=Salty+Squid+Beach+Bar+Galu+Diani,confirmed,2026-08-20,exact
The 41 Beach Club,BEACH,Diani central,,+254 758 423 283,-4.314,39.5772,THE HEIR,Solar · Baobab bar,,Koroga corner · Local catch grills,"Mid beach club; sunbed KES 1,500 (obs. 2026-08)",Walk-in weekdays; reserve weekends,Saturday/Sunday afternoon into sundowner,,"The successor, not the resurrection — and on a Saturday afternoon, that is enough.","A beach club, not gastronomy; the Forty Thieves lineage is its own claim. Anyone promising guests the original is out of date.",Sat,,reported,https://www.google.com/maps/search/?api=1&query=The+41+Beach+Club+Diani,confirmed,2026-08-20,approx
Pallet Cafe Diani Beach,CAFE,Galu / Kinondo,,,-4.3731018,39.5558721,SIGN & SAND,Deaf-staffed · Est. 2019,,Barista coffee · Burgers · Zoodles,"Mid; coworking day pass KES 1,200 (obs. 2026-08)",Walk-in; WhatsApp for the desk corner,Weekday morning; Sunday brings live music and crowds,,"The strip's warmest room, and the honest beach coworking answer if the 4G cooperates.","Open-air on sand: glare, salt breeze, patchy signal. Coworking prices are the brand's central plan — confirm locally.",,,reported,https://www.google.com/maps/search/?api=1&query=Pallet+Cafe+Diani+Galu,confirmed,2026-08-20,exact
Funky Monkey Cocktail Bar,,Diani central,,+254 742 794 527,-4.3064472,39.5785532,plenty,50 Best,"Listed on 50 Best Discovery (World's 50 Best platform); Tales of the Cocktail Spirited Awards MEA Top-10 honoree, Best International Bar Team & Best International Restaurant Bar, 2024, 2025 and 2026",Smoked Negroni · Pineapple Basil Smash,,,Wednesday salsa night; Wed–Sat runs to midnight,,"The best bar programme between Zanzibar and Nairobi, in a courtyard with no sea view at all.","Roadside courtyard, no ocean — the point is the bar team, not the postcard.",Wed,,reported,https://www.google.com/maps/search/?api=1&query=Funky+Monkey+Diani+Beach,confirmed,2026-08-20,exact
Soul Breeze Beach Club (ex-Bidi Badu),,Galu,,+254 743 211 231,-4.3660081,39.5592095,plenty,,,,,,Daytime into sunset,,"A daytime sports-bar beach, not a dinner plan — and check the name you book under.",Brand confusion is real: 'Bidi Badu' no longer appears on the resort's own site. Confirm before sending anyone down for it.,,,reported,https://www.google.com/maps/search/?api=1&query=Soul+Breeze+Beach+Resort+Galu+Diani,unverified,2026-08-20,exact
Shakatak Disco,,Diani central,,,-4.3180553,39.5732921,plenty,,,,,,After midnight,,A period piece that may still be running — have your driver confirm before committing the night.,"Online trail 3.5 years stale; expect a hard-edged, transactional late-night scene typical of coast discos.",Sat,,reported,https://www.google.com/maps/search/?api=1&query=Shakatak+Disco+Diani,unverified,2026-08-20,exact
Tandoori International Club,,Diani central,,,-4.3164827,39.5735123,plenty,,,,,,"Weekend, late",,"Part of the strip's real night, on 2024 evidence — check its Instagram the same day.",No verifiable current hours or phone; take a tuk-tuk door to door late.,Sat,,reported,https://www.google.com/maps/search/?api=1&query=Tandoori+Club+Diani,unverified,2026-08-20,exact
Full Moon Club & Rooftop Lounge,,Diani north-central,,,-4.2961092,39.582372,plenty,,,,,,"Weekend, after midnight",,Likely the strip's biggest club night when it fires — verify on the day.,Every operational detail is aggregator-grade; no verifiable phone or hours.,Sat,,reported,https://www.google.com/maps/search/?api=1&query=Full+Moon+Club+Diani,unverified,2026-08-20,approx
Manyatta Club (Manyatta Disco),,Diani central,,,-4.3210952,39.5727613,plenty,,,,,,Weekend nights,,"For a chef comfortable in local bars, the real one; guests may want the beach instead.",No verifiable 2026 status; go with a local driver who knows the door.,Fri|Sat,,reported,https://www.google.com/maps/search/?api=1&query=Manyatta+Club+Diani,unverified,2026-08-20,exact
Kokkos Cafe Bistro,,Diani central,,+254 721 565 567,-4.307477,39.578119,plenty,Since 2000,,Kokkoccino · Eggs benedict,,,Weekday lunch; breakfast,,The dependable middle of Diani's café life; order breakfast and watch the strip go to work.,Own-site copyright reads 2020 — confirm the early Sunday close before relying on it.,,,reported,https://www.google.com/maps/search/?api=1&query=Kokkos+Cafe+Diani,confirmed,2026-08-20,exact
Skippers Coliving,,Diani central (near the airstrip),,+254 793 870 199,-4.2999718,39.5757395,plenty,Starlink · Est. 2023,,,,,Book weeks ahead; Thursday nights for the music,,Book it if work is the trip; visit Pallet or Kokkos if work is an hour.,"Not a drop-in café: minimum-stay culture (four weeks preferred), day access only in low season and only by asking nicely.",Thu,,reported,https://www.google.com/maps/search/?api=1&query=Skippers+Coliving+Diani,confirmed,2026-08-20,exact
Java House Diani,,Ukunda junction (Centre Point),,,-4.2906582,39.5854784,plenty,Chain · 110 branches,,,,,Early morning,,"Zero terroir, maximum utility: aircon, plugs and bandwidth when the beach cafés sag.",A chain — send guests elsewhere for atmosphere; the wifi number is a 2022 measurement.,,,reported,https://www.google.com/maps/search/?api=1&query=Java+House+Diani+Centre+Point,confirmed,2026-08-20,exact
Asha Boutique Hotel & Bistro,,Diani central (beachfront),,+254 115 065 158,-4.3073028,39.5815034,plenty,,,Friday all-you-can-eat BBQ · Indian Ocean seafood plates,,,Weekday afternoon; Friday evening,,The compromise that works: a real beach view and a laptop that still charges.,"The wifi data is from 2022; laptop at lunch is fine, laptop at dinner is not.",Fri,,reported,https://www.google.com/maps/search/?api=1&query=Asha+Boutique+Hotel+Diani,confirmed,2026-08-20,approx
Diani Bakehouse,,Diani central (beside Apero),,,-4.3074731,39.5776242,plenty,,,,,,Morning,,Pair it with Kokkos next door; go early for the proper loaf.,"Thinnest paper trail in the café lane — hours unpublished, liveness unproven.",,,reported,https://www.google.com/maps/search/?api=1&query=Diani+Bakehouse+Diani+Beach+Road,unverified,2026-08-20,approx
Pilli Pipa Dhow Safari,,Diani (office); trips from Shimoni,,+254 724 442 555,-4.28756,39.58688,plenty,Since 1989 · Two dhows,,Wasini seafood lunch · Scuba add-on,,,Oct–Mar for calm and 20 m+ visibility; Jul–Oct for humpbacks,,Pay the institution price and the day simply works — book it days ahead in season.,A long day with 2.5–3 hours of road; June–August the kusi chop drops visibility. Dolphins are wild — nobody honest promises them.,,,reported,https://www.google.com/maps/search/?api=1&query=Pilli+Pipa+Dhow+Safari+Diani,confirmed,2026-08-20,exact
H2O Extreme,,Galu (Blue Marlin Beach Hotel),,,-4.3495618,39.5630405,plenty,IKO · Since 2003,,,,,Kaskazi mid-Dec–mid-Mar (steadiest); kusi Jun–mid-Sep (stronger),,The seniority pick of the kite beach; confirm current rates by WhatsApp — the site hides them from robots.,"Outside the two monsoon windows (roughly Apr–May, Oct–Nov) there is nothing to teach.",,,reported,https://www.google.com/maps/search/?api=1&query=H2O+Extreme+Galu+Diani,confirmed,2026-08-20,exact
Kite254,,Galu (Pallet Cafe) & Diani Sea Lodge,,+254 719 891 835,-4.3731018,39.5558721,plenty,IKO · Ozone kit,,,,,Kaskazi for beginners; kusi for power,,"The tech-forward school; prices published and fair (taster USD 130–210, obs. 2026-08).","Same season trap as all Diani kiting — no wind, no lesson.",,,reported,https://www.google.com/maps/search/?api=1&query=Kite254+Diani,confirmed,2026-08-20,exact
Diving the Crab,,Diani central-south (at Nomad),,+254 723 108 108,-4.3279941,39.5715812,plenty,Since 1985 · Nitrox,,,,,Oct–Mar; Nov–Feb for whale-shark chances,,The safe pair of hands for the reef and the wreck; book the day before in season.,June–September kusi brings chop and low visibility — the dive season and kite season are near-opposites.,,,reported,https://www.google.com/maps/search/?api=1&query=Diving+the+Crab+Diani,confirmed,2026-08-20,exact
Ocean Tribe Scuba,,Diani (The 41 Beach Club; office at Baobab Beach Resort),,+254 700 934 854,-4.2811695,39.5900549,plenty,SSI,,,,,Oct–Mar,,"Sharp, current, and transparent on paper — the modern pick.","An SSI shop — PADI course-continuers should ask about crossover first. Its whale-shark trips are NOT running for the 2025/26 season, per its own page.",,,reported,https://www.google.com/maps/search/?api=1&query=Ocean+Tribe+Scuba+Diani,confirmed,2026-08-20,approx
Skydive Swahili,,Galu (Blue Marlin Beach Hotel),,+254 717 907 907,-4.3495618,39.5630405,plenty,KCAA · USPA,,,,,Dry-season mornings (Dec–Mar) for the clearest colours,,"If the wind gods cancel the kite lesson, go up instead.","Closed Tue–Wed; weather rules everything, reschedule window is generous.",,,reported,https://www.google.com/maps/search/?api=1&query=Skydive+Swahili+Diani,confirmed,2026-08-20,approx
Go Jump Kenya,,Diani (Ukunda airstrip; beach ops at The 41),,,-4.2811695,39.5900549,plenty,USPA · Kenyan-owned,,,,,Dec–Mar mornings; operator claims year-round,,The ambitious one; book the priority slot if the date matters.,Hard weight cap 115 kg (surcharges from 100); outside cameraman needs a week's notice; no phone published — book online.,,,reported,https://www.google.com/maps/search/?api=1&query=Go+Jump+Kenya+Diani,confirmed,2026-08-20,approx
Diani Fishing Club,,Diani central,,,,,plenty,Tag & release,,,,,Nov–Mar billfish; Aug–Oct yellowfin,,"The working charter of the strip — book the season, not the wish.",May–Sep is largely off-season for billfish; the public site masks its phone — use the booking form.,,,reported,https://www.google.com/maps/search/?api=1&query=Diani+Fishing+Club+Kenya,confirmed,2026-08-20,none
Whale Shark Adventures Kenya,,Diani central,,+254 720 555 222,,,plenty,EAWST,,,,,"Humpbacks Aug–mid-Oct; whale sharks roughly Nov–Mar, peak Jan–Feb",,"The honest way to meet the migration — sold as a search, not a guarantee.",Blog trail is years old — re-confirm by WhatsApp before promising guests; never sold as guaranteed sightings.,,,reported,https://www.google.com/maps/search/?api=1&query=Whale+Shark+Adventures+Kenya+Diani,confirmed,2026-08-20,none
Coral Spirit — Kongo River,,Diani north (Kongo river mouth),,+254 716 440 223,-4.2602353,39.5981344,plenty,Ten years,,,,,"The last two hours of light, on a rising tide",,Do it once and the river end of Diani makes sense forever.,The whole web store shows 'sold out' — booking is by phone/WhatsApp in practice; after rains the river runs murky.,,,reported,https://www.google.com/maps/search/?api=1&query=Kongo+River+Diani+canoe,confirmed,2026-08-20,approx
Kaaribu — Ukunda Street Food & Market Tour,,Ukunda (meets at Tsunami Garden Cafe),,+254 732 905 343,-4.2914957,39.564288,plenty,Registered co.,,Uji — Swahili porridge · Mnazi at the mangwe,,,Morning,,Spend the 25 dollars before any restaurant money: everything else in Ukunda makes sense after it.,Morning slot for the fullest market and lowest heat; no named guide published — the company registration is the verification.,,,reported,https://www.google.com/maps/search/?api=1&query=Tsunami+Garden+Cafe+Ukunda,confirmed,2026-08-20,exact
Kaya Kinondo Sacred Forest,,Kinondo,,+254 745 797 653,-4.3933458,39.5470623,plenty,UNESCO 2008,,The kaniki walk · Digo dance session · Seedling planting,,,"Morning, or from 15:00 — midday under the canopy edge is brutal",,"The most important hour on this coast; treat it as a visit to a church, because it is one.","Stay on the path, take nothing — not a leaf; no smoking, no alcohol, no public affection; photography restricted, ask the guide. The fee is opaque — agree it clearly before starting.",,,reported,https://www.google.com/maps/search/?api=1&query=Kaya+Kinondo+Sacred+Forest+Kenya,confirmed,2026-08-20,exact
Colobus Conservation,,Diani south,,+254 711 479 453,-4.3444108,39.5649514,plenty,Est. 1997 · AZA,,Guided eco-tour · Colobridge spotting,,,Morning,,"Go, pay, and then drive the strip slowly forever after.","A working rescue facility, not a petting zoo — no handling. Report injured monkeys to the 24 h line.",,,reported,https://www.google.com/maps/search/?api=1&query=Colobus+Conservation+Diani,confirmed,2026-08-20,exact
Kisite-Mpunguti Marine National Park,,Off Shimoni,,0800 597 000 (KWS toll-free),-4.71977,39.37165,plenty,Est. 1978 · 39 km²,,,,,Oct–Mar for 20 m visibility; Jul–Oct for whales,,"The reason the dhow day exists; go with the tide and the season, not against them.","In December–January many day boats converge on the same reefs mid-morning; wild dolphins, no guarantees.",,,reported,https://www.google.com/maps/search/?api=1&query=Kisite+Mpunguti+Marine+National+Park,confirmed,2026-08-20,exact
Shimoni Slave Caves,,Shimoni,,,-4.6474,39.38051,plenty,NMK-assisted,,,,,"Tacked onto the dhow day, after lunch",,Go with the guide and let it be heavy; it is the point of Shimoni.,"Bats, slippery coral steps; no verified fee to print — carry small cash and take the ticket offered.",,,reported,https://www.google.com/maps/search/?api=1&query=Shimoni+Slave+Caves+Kenya,confirmed,2026-08-20,exact
Wasini Women's Coral Boardwalk,,Wasini Island,,,-4.659,39.3655,plenty,Since 1978,,,,,High tide,,The gentlest thing on the dhow day — give the women the half hour and the fee.,"Planks are weathered in stretches: flip-flops fine, heels absurd.",,,reported,https://www.google.com/maps/search/?api=1&query=Wasini+women+boardwalk+coral+garden,confirmed,2026-08-20,approx
Shimba Hills National Reserve,,Inland Kwale (gate 31 km from Diani),,0800 597 000 (KWS),-4.197192,39.441794,plenty,Est. 1968 · Sable,,Sheldrick Falls walk · The viewpoints,,,Gate at 06:00; sable graze early,,The one-day green counterweight to the beach — early gate or don't bother.,"Forest, not savannah: do not promise Mara density. Non-resident fee rose to USD 50 in the Oct 2025 schedule — old blogs still quote KES 300.",,,reported,https://www.google.com/maps/search/?api=1&query=Shimba+Hills+National+Reserve,confirmed,2026-08-20,approx
Mikoko Pamoja (Gazi Bay),,Gazi,,,-4.4344893,39.5096133,plenty,Equator Prize,,,,,"Morning, low-to-rising tide",,"A working conservation office, not an attraction — arrange ahead and pay fairly for guiding time.",Combine with the village boardwalk and a Gazi lunch; do not expect fixed hours.,,,reported,https://www.google.com/maps/search/?api=1&query=Mikoko+Pamoja+Gazi+Bay,confirmed,2026-08-20,approx
Gazi Women's Mangrove Boardwalk,,Gazi,,,-4.4237673,39.5055576,plenty,,,,,,"Mid-to-high tide, water under the walkway",,"If the planks are sound, the birds, crabs and root-forest are the reward.",Condition unverified since 2020 — the new Chale boardwalk (April 2026) is the verified alternative.,,,reported,https://www.google.com/maps/search/?api=1&query=Gazi+women+mangrove+boardwalk,unverified,2026-08-20,approx
Chale Community Boardwalk,,Chale / Kinondo (mainland shore),,,-4.4396,39.5296,plenty,,,,,,Mid-to-high tide,,Brand new and raw — go for the enthusiasm and pair it with Kaya Kinondo next door.,"Three months old at research: no published prices, hours or contact yet. Do not confuse it with Chale Island's private resort jetty.",,,reported,https://www.google.com/maps/search/?api=1&query=Chale+community+mangrove+boardwalk+Kinondo,confirmed,2026-08-20,approx
Diani Turtle Watch,,"Diani–Galu beachfront (programme, no premises)",,,,,plenty,Since 2012,,,,,Warmer months cluster the nests; releases announced day-of,,"Follow the channel, and if a release is called while you are here, drop everything.","A programme, not premises: nothing is guaranteed on any given day.",,,reported,https://www.google.com/maps/search/?api=1&query=Diani+Turtle+Watch+Diani+Beach,confirmed,2026-08-20,none
Camel rides on the strip,,Diani central beach,,,,,plenty,,,,,,"Golden hour on a low tide, when the sand is wide and firm",,"A grin, a photo, ten minutes — priced honestly if you price it first.",Unregulated and itinerant; overcharging disputes are the classic failure — agree everything before you mount.,,,reported,https://www.google.com/maps/search/?api=1&query=Diani+Beach+camel+rides,confirmed,2026-08-20,none
Diani Art Club,,Ukunda (opposite the GPS petrol station),,+254 703 648 892,,,plenty,,,,,,Afternoon,,"Go for the painting wall, not a museum experience.",Small and commercial; find it by the petrol-station landmark — it is not on the map apps.,,,reported,https://www.google.com/maps/search/?api=1&query=Diani+Art+Club+Ukunda,confirmed,2026-08-20,none
Mwaepe fish landing (BMU),,Galu / Kinondo,,,-4.34323,39.5664652,plenty,KEMFSED,,,,,"06:00–09:00, incoming tide",,"The morning that pays for itself — get there for the incoming tide, carry cash and a cool box.",Some mornings nothing comes in — the kusi and the weather decide; expect construction works from the 2025 upgrade.,,,reported,https://www.google.com/maps/search/?api=1&query=Mwaepe+fish+landing+Diani,confirmed,2026-08-20,approx
Shimoni fish landing & new port,,Shimoni,,,-4.644991,39.380882,plenty,,,,,,Morning; pair with the dhow day,,"For the guide's purposes: buy at the village landing; treat the shiny port as 'in transition', not a market.",Do not drive down expecting a working wholesale market — as of the last dated evidence the port awaited commissioning.,,,reported,https://www.google.com/maps/search/?api=1&query=Shimoni+fish+port+Kenya,time_limited,2026-08-20,approx
Diani Modern Market (Mvindeni),,Ukunda / Mvindeni,,,-4.316,39.547,plenty,Opened 2026,,,,,Morning of a market day,,The new centre of gravity for produce — go the morning of a market day and watch a town upgrade itself.,Three months old at research: the cooked-food court is still settling; coordinates are locality-level.,,,reported,https://www.google.com/maps/search/?api=1&query=Diani+Modern+Market+Mvindeni+Ukunda,confirmed,2026-08-20,approx
"Ibiza Market, Ukunda",,Ukunda town,,,-4.289809,39.564864,plenty,,,,,,Morning,,"The real market walk; small notes, no flashing valuables, Swahili greetings go far.","A working market, not a curio market — that is its value.",,,reported,https://www.google.com/maps/search/?api=1&query=Ibiza+Market+Ukunda,confirmed,2026-08-20,exact
Carrefour Diani (Centre Point),,Ukunda junction,,,-4.2908292,39.5852718,plenty,,,,,,Morning,,"Market first for the living produce, Carrefour second for everything that must stay cold.","Imported specialty depth (cheese, charcuterie, wine) stays thinner than Nairobi — plan around it.",,,reported,https://www.google.com/maps/search/?api=1&query=Carrefour+Diani+Centre+Point,confirmed,2026-08-20,exact
Chandarana Foodplus (Baharini Plaza),,Diani central,,+254 712 354 955,-4.3076708,39.5770218,plenty,,,,,,Mid-afternoon,,The pantry for the coast's actual cooking.,Chain site in maintenance mode — hours are directory-sourced only.,,,reported,https://www.google.com/maps/search/?api=1&query=Chandarana+Foodplus+Diani,confirmed,2026-08-20,exact
Naivas Ukunda (The Gate Mall),,Ukunda,,,-4.281285,39.5662791,plenty,,,,,,Early,,"Staples at town prices; nothing romantic, everything useful.",No first-party hours; aggregators conflict — call before an early run.,,,reported,https://www.google.com/maps/search/?api=1&query=Naivas+Ukunda+Gate+Mall,confirmed,2026-08-20,exact
"Kentaste coconut works, Ukunda",,Ukunda outskirts,,+254 715 767 675,-4.281409,39.566161,plenty,Est. 2014 · Fairtrade,,,,,,,"A story to know, not a place to visit — stock the pantry from the strip's shelves.",No public tours; the plot is unpublished — coordinates are town-level only.,,,reported,https://www.google.com/maps/search/?api=1&query=Kentaste+Ukunda+Kenya,confirmed,2026-08-20,none
Akamba Handicraft Co-operative,,Mombasa — Changamwe (via Dongo Kundu),,+254 746 233 118,-4.0197597,39.6272832,plenty,"Est. 1963 · ~2,800 members",,,,,Weekday morning,,Pair it with an airport run and skip every beach-road 'ebony' stall forever.,"Industrial Changamwe, not the south coast. Real mpingo is heavy and dark to the core — shoe-polished fakes are coastwide; weight and end-grain tell the truth.",,,reported,https://www.google.com/maps/search/?api=1&query=Akamba+Handicraft+Cooperative+Mombasa,confirmed,2026-08-20,approx
Biashara Street kanga houses,,Mombasa (day trip),,,-4.0554398,39.6696332,plenty,Since 1887,,,,,Morning; combine with Old Town,,Buy the cloth at its source and have it hemmed while you drink the street's chai.,Kanga proverbs (majina) matter — have a Swahili speaker translate before you gift one. Named shops are leads; the street trade itself is the institution.,,,reported,https://www.google.com/maps/search/?api=1&query=Biashara+Street+Mombasa+kanga,confirmed,2026-08-20,approx
Madafu vendors (roaming),,Diani & Galu beaches,,,,,plenty,,,,,,Midday; after a swim,,"The correct answer to Diani heat, four times a day.","Individually unlicensed and unnamed by nature — the category is verified, the vendor is whoever reaches you first.",,,reported,https://www.google.com/maps/search/?api=1&query=Diani+Beach+madafu,confirmed,2026-04-03,none
Ukunda junction evening grills,,Ukunda (Beach Road × Likoni–Lunga Lunga),,,-4.281409,39.566161,plenty,,,,,,"Just after sunset, grills at full heat",,Twenty minutes and small money for the town's true evening flavour.,"A dark, busy junction at night — go early evening, phones pocketed.",,,reported,https://www.google.com/maps/search/?api=1&query=Ukunda+junction+Diani,confirmed,2026-08-20,approx
"Mahamri mama stalls, Ukunda",,Ukunda backstreets & the stage,,,-4.2814,39.5662,plenty,,,,,,06:30–08:00,,Set the alarm once — it recalibrates what breakfast means here.,"Category solid, names honestly nonexistent; after 08:00 the mahamri are gone or cold.",,,reported,https://www.google.com/maps/search/?api=1&query=Ukunda+town+mahamri,unverified,2026-08-20,approx
The mangwe (palm-wine dens),,Ukunda backstreets; Kinondo & Msambweni villages,,,,,plenty,,,,,,"Late afternoon, with a local",,With an introduction: one of the coast's realest hours. Without one: don't.,Fermentation continues in the bottle; hygiene varies with the den and the hour. Guests go guided or not at all.,,,reported,https://www.google.com/maps/search/?api=1&query=Ukunda+Kwale+mnazi+mangwe,confirmed,2026-08-20,none
