name,category,neighborhood,address,phone,lat,lng,tier,product_tags,recognition,what_to_order,price_range,reservation,best_time,notes,verdict,caveat,iconic_orders
Varoulko Seaside,Lazarou,Mikrolimano · Akti Koumoundourou boardwalk,"Akti Koumoundourou 54, Mikrolimano, 185 33 Piraeus",+30 210 5228400,37.93715,23.65847,Mikrolimano — the seafood quay worth the touts,Aegean seafood · Tasting menu · Chef-patron,"MICHELIN Guide Greece 2024 — Selected/Plate; it LOST the star it first won in 2002 (the first ever to a Greek-cuisine restaurant), no current star","Grilled cuttlefish, caramelised lentils, orange: bittersweet, tender, precise.",€€€€€ ~€90–150pp,Reservation essential,Sunset tasting menu,FLAG: no current Michelin star (lost in the 2023 Greece-guide relaunch) — confirm at booking; Lazarou b.1952 still chef-patron; the Seaside room moved to the Mikrolimano boardwalk in 2013; book the sunset tasting menu.,"The most ambitious cooking of the Greek sea in Piraeus — restrained, precise, modern Aegean plating on the Mikrolimano water, a genuine fine-dining room dropped among the fish tavernas.",Not a taverna and not for a spontaneous cheap lunch — book ahead and expect fine-dining prices.,"Bakaliaros me skordalia · Grilled cuttlefish, caramelised lentils, orange · Red-shrimp tartare, basil & ouzo · Sea urchin · Seafood tasting menu · Assyrtiko, Santorini"
Margaro,1944,Hatzikyriakio · beside the Hellenic Naval Academy,"Leof. Chatzikyriakou 126 & Ath. Miaouli, Hatzikyriakio, 185 39 Piraeus",+30 210 4514226,37.93475,23.62923,The fish tables the locals keep — Hatzikyriakio & Kastella,Fried shrimp · No menu · House retsina,Athinorama 2024 — 'a tiganitzidiko with 80 years of history'; in the official This Is Athens seafood-in-Piraeus guide,"Whole fried shrimp, shells lacquered and crackling, sweet flesh, lemon-squeezed, eaten shells and all.",€€ ~€25–35pp,No bookings — put your name down,Early weekday lunch,"FLAG: no menu, no bookings, no sea view — put your name down and wait for a plastic table; Tue closed; fish by the kilo; go early at weekday lunch before the cadets; house retsina from the family's Markopoulo vines.","The most honest fried-fish lunch in Piraeus — no menu and no bookings, just a short catch of whatever the boats landed and the family's own retsina, unchanged since 1944.","Not for anyone wanting a menu, a booking, a sea view, or elbow room — it is benches, noise and a queue.",Garides tiganites (fried shrimp) · Koutsomoures · Karavides (crayfish) · Barbounia (red mullet) · Horiatiki · Retsina hyma
Oinomageireio o Vasilis,Auction,Keratsini · inside the Ichthyoskala fish auction,"Ichthyoskala Keratsiniou (Central Fish Market), Keratsini 187 55",+30 210 4327213,37.95751,23.61282,The working port — the fish auction & Keratsini's little harbour,Fish auction · Fried catch · Refugee-run,Greek Gastronomy Guide 2026 — a Keratsini pick; the ichthyoskala scene profiled by Athens Voice (May 2026),"Fried marides and a charred octopus tentacle, hauled from the auction dock hours earlier.",€ ~€15–20pp (confirm),"No bookings — walk-in, go early",Weekday lunch off the auction,"FLAG: price ~€15–20pp unverified and hours irregular — phone before a visit; inside the working Keratsini fish auction, not central Piraeus; Vasilis picks the fish at the opposite dock ~03:00; walk-in only, go early for weekday lunch; refugee-run, said to feed eleven families.","The realest place to eat fish in Piraeus — the auction's own catch fried a few metres from where the boats unload, eaten among the trawlers, forklifts and refrigerated trucks.","Not for refined decor, a wine list or a romantic evening — it is a canteen at a working fish market, lunch-first, closing early; hours can be irregular.",Marides tiganites (fried whitebait) · Htapodi sta karvouna (grilled octopus) · Garidomakaronada · Sardeles psites (grilled sardines) · Psari tis imeras · Chyma krasi
Dourabeis,Since '32,"Mikrolimano · Akti Dilaveri, below Kastella","Akti Dilaveri 29, Mikrolimano, 185 33 Piraeus",+30 210 4122092,37.9432,23.66196,Mikrolimano — the seafood quay worth the touts,Raw shellfish · Plain-grilled fish · 3rd generation,"LiFO 2023 — two-Michelin-star chef Alex Atala (D.O.M., São Paulo) chose Dourabeis on his Athens visit","Marinated crawfish, silky-sweet in oil and lemon; then a whole fish salt-grilled over coals.",€€€€ ~€45–70pp,Reservation recommended,Weekend water-side lunch,"FLAG: fresh fish by the kilo — the bill climbs fast; sits on the quieter Akti Dilaveri arm, not the tout horseshoe; two-Michelin-star Alex Atala ate here in 2023; verify the weekly closing day by phone.","Piraeus's benchmark old-guard fish house since 1932 — impeccable raw shellfish and salt-grilling at their most exacting, the standard every other harbour table is judged against.","Not for a cheap taverna night — refined, dressed-up and priced like the institution it is; by-the-kilo bills climb fast.",Marinated crawfish (astakouri) · Salata Dourabeis · Salt-grilled fresh fish · Linguine with oysters · Red-snapper ceviche · Shrimp saganaki
Papaioannou,Splurge,Mikrolimano · Akti Koumoundourou waterfront,"Akti Koumoundourou 42, Mikrolimano, 185 33 Piraeus",+30 210 4225059,37.9374,23.6584,Mikrolimano — the seafood quay worth the touts,Whole grilled fish · Chef-owner · Dawn-market catch,Athinorama 2026 — Greek Cuisine Award; the Okyalos Group brands him 'the award-winning Chef Giorgos Papaioannou',"Catch-of-the-day whole fish, charcoal-grilled, dressed in ladolemono, filleted tableside — spotless.",€€€–€€€€ ~€70–100pp,Reservation recommended,"Sunset, white linen","FLAG: fish by the kilo, ~€70–100pp — not a quick bite; prime waterfront corner of the horseshoe; chef Giorgos still picks the catch at the market at dawn; part of the Okyalos group; book for a sunset table.","The one Mikrolimano waterfront table worth the splurge — minimalist, ultra-fresh catch cooked with restraint and respect.",Not cheap and not casual — fish is by the kilo and the bill climbs; not the place for a quick bite.,Charcoal-grilled whole fish · Astakomakaronada · Sea-urchin salad · Marinated anchovies (gavros) · Grilled octopus · Assyrtiko white
Piscis,Value,Mikrolimano · Akti Koumoundourou promenade,"Akti Koumoundourou 30, Mikrolimano, 185 33 Piraeus",+30 210 4170772,37.93765,23.65813,Mikrolimano — the seafood quay worth the touts,Modern seafood · Crudo · Value,"FNL Best Restaurant Awards 2025 — Athens South, Piraeus & West selection","Raw-fish sashimi under olive tapenade, then a whole grilled sea bream.",€€€ ~€35–50pp,Reservation recommended (weekends),Golden-hour dinner,FLAG: best value on the horseshoe (~€35–50pp) but whole fish is still by the kilo; opened June 2023; book weekend evenings; golden-hour tables face the caïques.,The best value on the Mikrolimano quay — modern seafood plated like the expensive rooms for noticeably less.,"Not a hushed fine-dining room — a lively quayside table, and whole fish is still by the kilo, so the bill climbs.","Raw-fish sashimi with tapenade · Tomato ceviche · Mussels · Grilled sea bream (tsipoura) · Lobster pasta · Assyrtiko, Santorini"
Jimmy's Fish,Since '96,"Mikrolimano · prime harbour corner, beside Varoulko","Akti Koumoundourou 52, Mikrolimano, 185 33 Piraeus (some listings 46)",+30 210 4124417,37.93719,23.65844,Mikrolimano — the seafood quay worth the touts,Fish & sushi · Harbour view · Late hours,"Country & Town House, 'A Chef's Guide to Piraeus' — chef Sophia Koletsiou (The Alex, Kastella) names it her relaxed-fish go-to, scampi pasta 'to die for'","Scampi pasta — langoustines tangled through silky, tomato-kissed spaghetti.",€€€–€€€€ ~€40–60pp,Reservation recommended,Sunset harbour table,"FLAG: cover/welcome-dip charges have drawn complaints — check the bill; address 52 (some listings 46), beside Varoulko; open late and year-round; book the front-row harbour table; chef Sophia Koletsiou's relaxed-fish pick.",Mikrolimano's showiest fish table — a prime-corner harbour view and a fish-and-sushi menu on the flashiest spot of the crescent since 1996.,"Not for the budget-minded or scene-averse — polished, pricey and touristy; cover/welcome-dip charges have drawn complaints.",Scampi pasta · Octopus in Mavrodaphne · Sea-urchin salad · Whole grilled fish · Ouzo-and-sesame prawns · Sushi selection
Panorama,Hill view,Kastella · Profitis Ilias hill,"Irakleiou 18–20, Profitis Ilias, Kastella, 185 33 Piraeus",+30 210 4173475,37.9393,23.65702,The fish tables the locals keep — Hatzikyriakio & Kastella,Grilled fish · Fried seafood · Hill view,"This Is Athens 2025 — featured; opened 1957, on-screen in 'The Burglars' (1971)","Grilled fish of the day: whole, charred and glossy, dressed plainly, eaten over the whole Saronic Gulf.",€€€ · ~€35–40pp,Book for a view table,Sunset,"Book a rail-side table for the view; sunset fills fast at weekends; hilltop, ~€38pp; the fish is plain, the panorama is the point.","The fish is simply grilled and the portions run large, but at ~€38pp you pay for the highest sightline in Piraeus as much as the plate — worth the Kastella climb, not a fine-dining kitchen.","Not for budget diners or anyone who won't climb Kastella — it's a hilltop, view-priced house.",Grilled fish of the day · Fried seafood plates · Fresh salads · Ouzo · Greek white wine
To Limanaki tou Giorgou,Fishermen,Keratsini · the little harbour,"Peloponisou & Propontidos (next to the ex-DEH power station), Keratsini 187 55",+30 210 4004721,37.94842,23.61111,The working port — the fish auction & Keratsini's little harbour,Fried red mullet · Mussel saganaki · Ouzo,Greek Gastronomy Guide — a selected Keratsini harbour ouzeri,"Fried barbounia and mussel saganaki: red mullet whole and sweet, mussels bubbling in spiced tomato, under an industrial skyline.",€–€€ · fish by weight,Book weekends,"Quiet weekday, morning catch","Book weekends or wait; under the ex-DEH power station, not a view; fish by weight, €–€€; the caïque catch runs out — go early on a weekday.","One of the few ouzeris in Attica where the backdrop is a dead power station and the fish still costs €–€€ — a genuine neighbourhood favourite, not somewhere you go for the view.","Not for anyone chasing a pretty seaside view — the backdrop is heavy industry and cranes, and weekends can mean a wait for a table.",Barbounia (red mullet) · Mydia saganaki (mussels) · Keftedakia in spicy cheese sauce · Gavros tiganitos (fried anchovies) · Fish of the day · Ouzo
To Yperokeaneion,8 tables,Hatzikyriakio · the coastal fish-taverna strip,"Marias Chatzikyriakou 48, 185 38 Piraeus",+30 210 4180030,37.93696,23.63032,The ouzeri & the meze,Charcoal sardines · Kimolos ladenia · Raki,LiFO 2024 — 'the classic value of Piraeus for fish and seafood',"Charcoal-grilled sardines on oiled bread: charred, salt-bright, oily; and, on lucky nights, the owner's Kimolos ladenia.",€€ · ~€18–22pp,Essential — tiny room,"Summer evening, on the terrace","Reserve — only ~8 tables plus a heated terrace; dinner only, fish-only, no meat; ~€20pp; ask for the summer terrace.","A pocket seafood ouzeri of eight tables that pulls Italians and Athenians down to Hatzikyriakio at ~€20pp — worth the reservation for the room and the fish, not for anyone in a group or after meat.","Tiny and fish-only — not for large groups, walk-ins, or meat-eaters.",Grilled sardines on bread · Ladenia Kimolou · Grilled cuttlefish with tahini & tomato · Fried atherina (whitebait) · Mussels saganaki with garlic · Ouzo / Cretan raki
Dyosmos,Producers,Freattyda · Leoforos Freattydos,"Leof. Freattydos 42A, Freattyda, Piraeus",+30 210 4611335,37.9332,23.64449,The ouzeri & the meze,Cretan staka pasta · Schinousa fava · Tsipouro,LiFO 2019 — 'Greek cooking with a strong identity' in Freattyda,"Cretan pasta with smoked pork and staka: handmade pasta, smoked pork, melting sheep-butter staka cream, salt-bright — around €9.",€/€€ · many mezedes under €15,Book weekends,"Evening, in the neoclassical room","Book weekends; ingredient-led room, not a fry-joint; many mezedes under €15; ask what's new from the producers; near the Freattyda coast.","A meze kitchen built producer by producer, plating Cretan staka pasta and Schinousa fava in a 1920 neoclassical room with most small plates under €15 — the most identity-driven table in Freattyda, and not a sea-view fry-joint.",Not a sea-view harbour taverna nor a cheap-fry joint — it's an ingredient-led room.,Cretan pasta with smoked pork and staka cream · Schinousa fava with Eurytania prosciutto · Mushroom sauté with Xanthi kasseri · Tzoumagia sausage with mustard & rakomelo · Aegean shrimp pasta · Tsipouro / ouzo
Ikariotiko Kafeneio,Ikarian,"Central Piraeus · Aristeidou St, off the port gates","Aristeidou 17, Piraeus",+30 210 4130090,37.94646,23.64268,The ouzeri & the meze,Tsipouro · Fava · Meze plates,Greek Gastronomy Guide — a listed Piraeus landmark kafenio,"Cold tsipouro with fava, keftedakia and dolmades: split-pea purée, little fried meatballs, tight vine leaves, plate after plate.",€ · cheap tsipouro-and-meze,None — walk in,"Afternoon, over tavli","Walk in — no bookings; relocated to Aristeidou 17 in 2023; cash, cheap tsipouro-and-meze; afternoons over tavli; smoky, no view.","Retired Ikarian sailors playing tavli, cheap tsipouro, and mezedes that arrive unbidden without a card — the most island-true kafenio near the port gates, never a dinner destination.","Not a destination dinner and no view — a smoky, no-frills community kafenio.",Fava · Loukaniko (sausage) · Dolmades · Keftedakia · Fried potatoes · Tsipouro / ouzo
To Eidikon,Est.1920,"Agios Dionysios · Psaron & Salaminos, behind the Papastrateio","Psaron 38 & Salaminos, Piraeus",+30 210 4612674,37.95564,23.63379,Neighbourhood dives — the barrel-tavernas & koutoukia,Barrel retsina · Meze · Fried eggs,LiFO 2023 — one of 'ten Piraeus shops that wrote history',"Cellar retsina: cold and resin-sharp, poured beside fried potatoes under four runny eggs.","€ · cheap meze, barrel wine",No — walk in,"Weekday early evening, before the room fills",Call to confirm the day; cash-simple; barrel retsina from the cellar below; 1938 ice-box and Occupation bullet holes on the shutters.,The last true barrel-wine oinopantopoleio in Piraeus — a 1920 room where the retsina is still pressed in the cellar directly below your table.,"Not for anyone wanting a menu, a wine list or polish — five or six mezedes and barrel retsina, cash-simple, in a cramped old room.",Cellar retsina · Patates me avga · Keftedes · Fried liver (sykoti) · Corned-beef omelette · Fava
Propolemikon,Est.1896,"Agios Dionysios · Dervenakion St, behind the port","Dervenakion 22, Agios Dionysios, Piraeus",+30 210 4629229,37.9604,23.63762,Neighbourhood dives — the barrel-tavernas & koutoukia,Barrel wine · Magirefta · Rebetika,LiFO 2018 — one of 'ten Piraeus shops that made history',"Barrel wine: rough, cold from the stone cellar, poured under walls that heard Vamvakaris play.",€–€€,Advisable on music nights,"A rembetiko night, late",PHONE-AHEAD (substantive press is 2018); live rebetika Sat 22:00 & Sun 14:00; block-level coord; barrel wine and daily magirefta.,A stone-walled 1896 oinomageireio where the legendary Piraeus rembetiko quartet once played and the house wine still comes from cellar barrels.,"Not for a quiet, refined dinner — a smoky, music-first old room; phone to confirm it is open and whether there is rembetika that night.",Barrel wine (chyma) · Mageirefta tis imeras · Keftedes · Loukaniko · Cheese saganaki · Gigantes
To Koutouki tou Antoni,Fig tree,Palaia Kokkinia · alley above Thivon St,"Argyrokastrou 26, Palaia Kokkinia, Piraeus",+30 210 4924338,37.96076,23.65764,Neighbourhood dives — the barrel-tavernas & koutoukia,Barrel wine · Bakaliaros · Fig-tree yard,Newsbeast 2021 — 'seven authentic koutoukia',"Bakaliaros skordalia: fried cod with fierce garlic-potato purée, barrel wine, under the fig tree.",€–€€,Advisable at weekends,A warm summer night in the courtyard,"Closed Mondays; weekends busiest, book ahead; courtyard around a whitewashed fig tree; cash.","A 1958 Kokkinia koutouki built around a whitewashed fig tree, where floral-cloth tables and barrel wine make dinner feel like a refugee-quarter courtyard from another century.","Not for the design-conscious or the hurried — deliberately old, tiled and floral; the joy is the courtyard, not the plating.",Bakaliaros skordalia · Fava · Sykoti · Keftedakia · Pancetta · Chyma krasi
Polyvios,Est.1935,Drapetsona · Agiou Dimitriou kebab row,"Agiou Dimitriou 28, Drapetsona 186 48",+30 210 4617563,37.9509,23.63518,"The refugee kitchens — Kokkinia, Nikaia & Drapetsona",Charcoal kebab · Pontic soutzouki · Merida,iskra 2024 — the oldest of the Drapetsona kebab row,"Merida (open portion): two pitas heaped with charcoal meat, quartered tomato, onion and parsley.","€ · cheap, no published prices",No — counter and paper,"Weekday evening, an open portion off the charcoal","COORD APPROX (block-level, no geocode for no.28 — nearest anchor is the halva shop at no.9); phone-ahead (press is Apr 2024); cash; charcoal only; one of three survivors on the old kebab row.","Drapetsona's oldest kebab house — a Pontic refugee's 1935 grill, still hand-cutting every portion three generations on, on a kebab row that has all but gone cold around it.","Not central and not a scene — a back-street Drapetsona grill beyond the port gates, charcoal-and-meat only, cash; phone ahead.",Merida (open portion) · Soutzouki (Pontic) · Kebab · Biftekakia (round) · Pork souvlaki · Patates (hand-cut)
Souvlakia o Serkos,Armenian,"Kokkinia · Plateia Neraidas, behind Thivon","Ionos Dragoumi 39-41, Kokkinia, Piraeus 185 42",+30 210 4928297,37.96339,23.65458,"The refugee kitchens — Kokkinia, Nikaia & Drapetsona",Armenian kebab · Soutzouki · Pastourma,LiFO 2021 — 'the authentic Armenian kebab of Serkos',"Armenian kebab: lamb-and-beef mince, only salt and pepper, charcoal-blistered, pillow-soft.",€ · cheap grill fare,No,"Early evening, when the plateia fills","Phone to confirm grill hours; cash; tables out on Plateia Neraidas; salt-and-pepper mince only, the last Armenian kebab in the port.",Piraeus's last Armenian charcoal kebab — a refugee family's salt-and-pepper mince that shames every over-spiced imitation.,"Not for spice-seekers or a polished dinner — a plateia grill shack, a handful of items, cash.",Armenian kebab · Soutzouki (handmade) · Pastourma salad · Pork souvlaki · Pita
Alargino,Smyrna,"Nikaia · Agiou Ioannou, near the centre","Agiou Ioannou 2, Nikaia 184 50",+30 210 4910770,37.9663,23.65285,"The refugee kitchens — Kokkinia, Nikaia & Drapetsona",Smyrna soutzoukakia · Pastourmalopita · Live music,In2life 2023 — 'the best mezedes of Nikaia',"Smyrnaïka soutzoukakia: handmade cumin-scented mince in tomato, the refugee city on a plate.",€€ · ~€15–20pp,Advisable on music nights,"A music night, for old-Kokkinia atmosphere",Call to confirm music nights; loud on weekends; owner Χατζόγλου per registry; Smyrna soutzoukakia and pastourmalopita; ~€15–20pp.,The neighbourhood table that keeps Smyrna on the plate — handmade Smyrnaïka soutzoukakia and pastourma pie under live strings.,"Not a quiet or gourmet room — a loud, music-filled neighbourhood mezedopoleio, not a destination showpiece.",Soutzoukakia Smyrnaïka · Pastourmalopita · Melitzanes gemistes · Hoirini tiganià · Saligkaria stifado
Taverna tou Katsogiannou,Est.1930,Drapetsona · opposite the church of Agios Panteleimon,"Agiou Panteleimonos 15, Drapetsona 186 48",+30 210 4613209,37.94594,23.62744,"The refugee kitchens — Kokkinia, Nikaia & Drapetsona",Ouzo meatballs · Magirefta · Lamb chops,"Athinorama 2023 — critics' review, 13.5/20","Keftedakia me ouzo: ouzo-flambéed meatballs in red sauce, hand-cut fries for dipping.",€€ · ~€15–25pp,"Advisable, especially weekends","Lunch, for the magirefta and meatballs","Closed Mondays and Sunday evenings, lunch-focused; book weekends; the ouzo-meatball is the order; a working 1930s Prestcold fridge inside.","The oldest taverna in Drapetsona (since 1930), where Dora Stavridou's ouzo-doused meatballs in red sauce have become, in the local phrase, 'an urban myth.'","Not for late-night eating or a big fish spread — lunch-focused, closed Sunday evenings and Mondays, firmly meat-and-magirefta.",Keftedakia me ouzo · Paidakia (lamb chops) · Smyrneiko kaiserli · Bakaliaros tiganitos · Magirefta tis imeras · Patates tiganites
Toukta Thai Food,6 tables,"Nikaia · Ionias & Thrakis, the 1922 refugee grid","Ionias 3 & Thrakis, Nikaia 184 50",+30 210 4908866,37.9669,23.64506,Ethnic tables — the special ones,Pad thai · Thai curry · €7 plates,FlagInLife 2024 — 'an unexpected Thai experience in Nikaia',"Pad thai: tamarind-slicked rice noodles, peanuts, lime, wok-hot and fresh.",€ · mains ~€7,Advisable — only ~6 tables,Book ahead; the tiny room fills fast,Book ahead — only ~6 tables; mains ~€7; mainly evenings; e-food delivery; no Greek-classics menu.,"Proof Kokkinia's immigrant table didn't end in 1922 — a six-table Thai kitchen turning out the real, fresh-pounded thing at €7 a plate.",Not for the taverna-traditionalist or big groups — a cramped six-table room with no Greek-classics menu.,Pad thai · Spicy soup (minced meat) · Thai curry · Steamed jasmine rice · Thai iced tea
Sushi Rolls,Sushi,"Piraeus centre · behind Agios Nikolaos, near Akti Miaouli","Agiou Nikolaou 3, Piraeus",+30 210 4284439,37.93838,23.64045,Ethnic tables — the special ones,Sushi · Sake · Shipping canteen,Athens Voice 2025 — 'a diamond of Japanese cuisine in Piraeus',"Crispy Salmon & Tuna Garlic rolls: cut to order, with cold or warm sake.",€€ · intimate sushi bar,Advisable — small room,"Weekday evening, when the offices empty","HONEST TIER — solid, not 50 Best/Michelin; small room, book; behind Agios Nikolaos; fish from Greek suppliers; coord street-level approx.","The reliable non-Greek table with a story — a shipping-office-canteen sushi bar behind the seamen's church, cut to order for the people who move ships.","Not a headline — Piraeus's real 'foreign' greatness is the refugee kitchen; this is the reliable, honest table with a story.",Crispy Salmon roll · Tuna Garlic roll · Nigiri selection · Sake (cold / warm) · Asahi
O Giorgos,€2.50,"Central Piraeus · Gounari, by the old flea market","Dimitriou Gounari 18 & Nikita, Piraeus",+30 211 4033388,37.94619,23.64438,Bargain plates — the souvlaki & the wrap,Meatball wrap · €2.50 · Red sauce,in2life 2025 — #1 of Piraeus's top-five souvlaki,"Bifteki wrap: two hand-formed beef meatballs, salt and pepper, soft pita, spicy red sauce.",€ · wrap ~€2.50,No — corner counter,"Weekday lunch, straight off the grill","DAYTIME ONLY, closes early evening; barely any seating; the €2.50 beef-meatball wrap; expect a queue.",Piraeus's cult modern souvlaki — a ~€2.50 hand-formed beef-meatball wrap that locals and the food press repeatedly rank the city's best.,"Not for a sit-down dinner — daytime only, closes early evening, seating barely there.",Bifteki (meatball) souvlaki · Pork kalamaki · Homemade red sauce · Pita · Tomato & onion
O Karabelas,Gyro €3,"Neo Faliro edge · Pylis, near Karaiskakis Stadium","Pylis 51, Piraeus",+30 210 4112622,37.94401,23.65624,Bargain plates — the souvlaki & the wrap,Gyros · Red sauce · Olympiacos,in2life 2025 — a Piraeus top-five souvlaki,"Gyros pita: pork gyro, warm pita, the slightly spicy house red sauce.",€ · wrap ~€3,No — standing room,"Early evening, before the gyro sells out","EVENINGS ONLY from ~18:00, closed Sunday; go before the gyro sells out; standing room; Olympiacos shrine near Karaiskakis.","The most atmospheric old-school souvlatzidiko in Piraeus — half Olympiacos museum, half standing-room grill, still turning out ~€3 wraps after nearly fifty years.","Not for a comfortable meal or the sauce-shy — a cramped, standing-room grill, evenings only.",Gyros pita · Chicken kalamaki · Keftedaki (meatball) · House red sauce · Burger
Avraam,Giaourlou,"Drapetsona · Sokratous, refugee quarter behind the port","Sokratous 3, Drapetsona",+30 210 4615841,37.95031,23.62831,Bargain plates — the souvlaki & the wrap,Giaourlou · Souvlaki · Soutzouki,iskra 2024 — one of Drapetsona's two historic kebab houses,"Giaourlou: skewered kebab over fried pita, blanketed in cool Epirote yogurt.",€,No,"Evening, for the coal-skewers and the giaourlou",COORD APPROX (Sokratous has disconnected segments — verify on arrival); the giaourlou is the order; NOT the oldest (Polyvios 1935 is); cash; delivery on e-food/Wolt.,"The other survivor of Drapetsona's old kebab row — a 1938 charcoal grill trading on generous meat and a fluffy, slightly-spiced pita, worth the walk past the port gates for the real thing.","Not central and not a scene — a back-street Drapetsona grill, a walk beyond the port gates, meat only.",Giaourlou (yogurt kebab) · Pork souvlaki · Soutzouki · Grilled tomato & fried pita · Slightly-spiced pita
Mastronikolas,Est.1909,Kastella · Karaoli & Dimitriou avenue,"Karaoli & Dimitriou 68, Piraeus 185 34",+30 210 4123783,37.9427,23.65195,Breakfast & the dawn pies,Galaktoboureko · Rizogalo · Kaimaki ice,Cookout/SKAI 2024 — 'the historic galaktopoleio of Piraeus',"Galaktoboureko: warm, semolina custard oozing under shatter-crisp golden phyllo.",€ · a few euros a slice,Walk-in; counter service,"Mid-morning, a warm slice with Greek coffee","Take-away sweets counter — no seating/brunch; the galaktoboureko is the order; original 1909 milk-can kept as heirloom; the Kastella original, not the Pasalimani branch.","The oldest galaktopoleio in Piraeus (since 1909), whose generous, crisp-topped galaktoboureko ranks among the best in Attica.","Not a place to linger — a sweets counter to take away, with no savoury or brunch breakfast.",Galaktoboureko · Rizogalo · Krema · Kaimaki ice cream · Strained sheep's-milk yogurt
Euxeinon,Piroski,"Trouba · Navarchou Notara, by the port","Navarchou Notara 50, Piraeus 185 35",+30 213 0280000,37.94101,23.64356,Breakfast & the dawn pies,Piroski · Pontic recipe · Dawn fry,LiFO 2022 — among the best piroski in Piraeus,"Piroski kima: golden, blistered mince pocket, fried to order and eaten scalding.",€ · a couple of euros each,No — grab-and-go,"Mid-morning, when the fryer is going","Gone by midday — go mid-morning; fried, hearty, grab-and-go; Sat-only peinirli and pastitsio; phone/coord street-level approx.",The best-loved piroski in Piraeus — a half-century Pontic-refugee bakery frying cheese and mince pockets golden to order from an unbroken family recipe.,"Fried, hearty and gone by midday — not for a light, sweet or late breakfast; a grab-and-go counter.",Piroski kima (mince) · Piroski tyri (cheese) · Piroski patata · Peinirli me pastourma (Sat) · Saturday pastitsio · Greek coffee
Bougatsa Pavlidi,24 hours,"Nikaia · Petrou Ralli, near the state hospital","Petrou Ralli 168, Nikaia 184 54",+30 210 4955540,37.9731,23.66024,"Late night — after the boat, after the bouzoukia",Bougatsa · 24-hour · Phyllo pies,LiFO 2021 — named the best bougatsa in Piraeus,"Sweet bougatsa: crackling hot phyllo, warm semolina cream, caramelised sugar, cinnamon dust.",€ · a couple of euros each,"None — walk-up counter, no seats","3–6 a.m., phyllo hot off the tray","OPEN 24h; no seats, no coffee — bakery counter deep in Nikaia; best 3–6 a.m. off the tray; sweet semolina bougatsa; taxi/bus from the harbour.","The last 24-hour phyllo workshop in working-class Piraeus, still turning out the port's benchmark bougatsa fresh before dawn.","Not a café — no seats, no coffee ritual, no view; a bakery counter deep in residential Nikaia, a bus or taxi from the harbour.",Sweet bougatsa (γλυκιά) · Savoury bougatsa with feta · Piroski · Peinirli · Kimadopita · Tyropita
Kantina o Plastiras,Port quay,"Drapetsona · Akti Vasileiadi, Lipasmata quay (Gate E1/E2)","Akti Vasileiadi (Gate E1/E2), Drapetsona 186 48",+30 210 4633820,37.94462,23.63081,"Late night — after the boat, after the bouzoukia",Kalamaki · Port canteen · Late-night,LiFO — chef Vasilis Kallidis's port-canteen pick,"Pork kalamaki: charred and juicy, with grilled bread to mop the pan juices.",€ · a couple of euros a kalamaki,None — plastic tables on the quay,"Late, after the bouzoukia or a night ferry","HOURS UNPREDICTABLE (opens early, runs after the night out); COORDS APPROX (Akti Vasileiadi quay, Gate E1/E2); cash; plastic tables; raw industrial no-man's-land.",Some of the best souvlaki in the city is grilled on a dystopian Drapetsona quay by a man who claims General Plastiras himself as his godfather.,"Not for comfort, a real menu or the pretty side of Piraeus — a truckers' canteen in a raw industrial no-man's-land, hours unpredictable.",Pork kalamaki · Chicken kalamaki · Fresh-cut fries · Feta with oregano · Cold beer
Vosporos,Politiki,Mikrolimano · Akti Koumoundourou quay,"Akti Koumoundourou 20, Mikrolimano, 185 33 Piraeus",,37.93881,23.65985,Where the chefs eat,Politiki kouzina · Peinirli · Live music,Country & Town House — chef Sophia Koletsiou eats here,"Oversized peinirli: a boat of molten four-cheese and pastourma, straight from the oven.",€€ · ~€25–30pp,Recommended; book a music night,"Dinner, a night with live politika/smyrneika",Phone omitted (listings conflict) — book via e-restaurants; live politika/smyrneika some nights; huge portions; Koletsiou single-source chef pick.,"Piraeus's one genuine Politiki-cuisine table — Bosphorus meat-and-mezze in outsized portions, where a Piraeus chef sends you when she wants everything but fish.","Not for small appetites or fish-taverna seekers — meat- and mezze-heavy Politiki cooking in enormous portions, not Aegean seafood.",Oversized peinirli · Politiko saganaki · Adana / sis kebab · Hunkar begendi · Pastourma & soutzouki · Bougatsa
Pancho — Cantina y Coctelería Mexicana,Mexican,Pasalimani · Marina Zeas,"4 Akti Themistokleous, Zea Marina (Pasalimani), 185 36 Piraeus",+30 210 451 5849,37.93307,23.64751,Where the chefs eat,Fajitas · Cocktails · Marina,Country & Town House — chef Koletsiou's monthly Tuesday,"Fajitas de carne: sizzling to the table, with a smoky mezcal margarita.",€€ · Mexican plates and cocktails,Advisable on weekends,"A Tuesday, per chef Koletsiou; or sunset cocktails",Not Greek/not propre-au-lieu — kept as the honest chef's-day-off pick (single C&TH source); check socials for hours; marina cocktail-cantina.,"The one deliberately non-Greek table in this guide — a Zea-marina cantina kept only because a working Piraeus chef really does take her day off here, over proper tacos and a smoky margarita. A rare, honest look at how a cook eats off the line.","Not for purists after Greek food or a quiet dinner — a lively marina cocktail-cantina, chosen precisely because it is off-piste.",Fajitas · Taco combo · Guacamole · Mezcal margarita · Coctelería selection
